<?xml version="1.0" encoding="UTF-8"?>
<project-private xmlns="http://www.netbeans.org/ns/project-private/1">
    <editor-bookmarks xmlns="http://www.netbeans.org/ns/editor-bookmarks/2" lastBookmarkId="0"/>
    <open-files xmlns="http://www.netbeans.org/ns/projectui-open-files/2">
        <group>
            <file>file:/C:/Users/user/Desktop/TA_Programacion3/TA_Programacion3/src/ta_programacion3/Pedido.java</file>
            <file>file:/C:/Users/user/Desktop/TA_Programacion3/TA_Programacion3/src/ta_programacion3/GestionarPracticantes.java</file>
            <file>file:/C:/Users/user/Desktop/TA_Programacion3/TA_Programacion3/src/ta_programacion3/Practicante.java</file>
            <file>file:/C:/Users/user/Desktop/TA_Programacion3/TA_Programacion3/src/ta_programacion3/Usuario.java</file>
            <file>file:/C:/Users/user/Desktop/TA_Programacion3/TA_Programacion3/src/ta_programacion3/Administrador.java</file>
            <file>file:/C:/Users/user/Desktop/TA_Programacion3/TA_Programacion3/src/ta_programacion3/Alumno.java</file>
            <file>file:/C:/Users/user/Desktop/TA_Programacion3/TA_Programacion3/src/ta_programacion3/TA_Programacion3.java</file>
            <file>file:/C:/Users/user/Desktop/TA_Programacion3/TA_Programacion3/src/ta_programacion3/SituacionFAP.java</file>
            <file>file:/C:/Users/user/Desktop/TA_Programacion3/TA_Programacion3/src/ta_programacion3/MedicamentoCantidad.java</file>
            <file>file:/C:/Users/user/Desktop/TA_Programacion3/TA_Programacion3/src/ta_programacion3/Medico.java</file>
            <file>file:/C:/Users/user/Desktop/TA_Programacion3/TA_Programacion3/src/ta_programacion3/Aula.java</file>
            <file>file:/C:/Users/user/Desktop/TA_Programacion3/TA_Programacion3/src/ta_programacion3/Persona.java</file>
            <file>file:/C:/Users/user/Desktop/TA_Programacion3/TA_Programacion3/src/ta_programacion3/ContactoEmergencia.java</file>
            <file>file:/C:/Users/user/Desktop/TA_Programacion3/TA_Programacion3/src/ta_programacion3/Medicamento.java</file>
            <file>file:/C:/Users/user/Desktop/TA_Programacion3/TA_Programacion3/src/ta_programacion3/AtencionMedica.java</file>
            <file>file:/C:/Users/user/Desktop/TA_Programacion3/TA_Programacion3/src/ta_programacion3/Tutor.java</file>
            <file>file:/C:/Users/user/Desktop/TA_Programacion3/TA_Programacion3/src/ta_programacion3/Informe.java</file>
            <file>file:/C:/Users/user/Desktop/TA_Programacion3/TA_Programacion3/src/ta_programacion3/PersonalDeSalud.java</file>
        </group>
    </open-files>
</project-private>
